{
  "project_info": {
    "project_number": "628805477304",
    "project_id": "interview-scheduler-710",
    "storage_bucket": "interview-scheduler-710.appspot.com"
  },
  "client": [
    {
      "client_info": {
        "mobilesdk_app_id": "1:628805477304:android:2b143acad453fc1132254d",
        "android_client_info": {
          "package_name": "com.example.interview_scheduler"
        }
      },
      "oauth_client": [
        {
          "client_id": "628805477304-ltu5aunt7b8jnbq1p9ffqqvdgr8jhguk.apps.googleusercontent.com",
          "client_type": 3
        }
      ],
      "api_key": [
        {
          "current_key": "AIzaSyDJrvSkkD5X9_wpwjJpuuSeWAhxX6YYWpk"
        }
      ],
      "services": {
        "appinvite_service": {
          "other_platform_oauth_client": [
            {
              "client_id": "628805477304-ltu5aunt7b8jnbq1p9ffqqvdgr8jhguk.apps.googleusercontent.com",
              "client_type": 3
            }
          ]
        }
      }
    }
  ],
  "configuration_version": "1"
}